<?xml version="1.0" encoding="UTF-8" ?>
<!DOCTYPE mapper PUBLIC "-//mybatis.org//DTD Mapper 3.0//EN"  
"http://mybatis.org/dtd/mybatis-3-mapper.dtd">

<mapper namespace="cn.hfh.dao.UserMapper">
	<select id="getUser" resultType="User" parameterType="string">
		select * from smbms_user u
		<trim prefix="where" prefixOverrides="and | or">
			<if test="userName != null">
				and u.userName = #{userName}
			</if>
		</trim>
	</select>



	<select id="select_list" resultType="User" parameterType="User">
		select * from smbms_user u
		<trim prefix="where" prefixOverrides="and | or">
			<if test="user.userName != null">
				and u.userName = #{user.userName}
			</if>

			<if test="user.id != null">
				and u.id = #{user.id}
			</if>
		</trim>
	</select>

	<insert id="add" parameterType="User">
		insert into
		smbms_user(userCode,userName,userPassword,birthday,phone,address,userRole,userRoleName,statu)
		value(UUID(),#{user.userName},#{user.userPassword},#{user.birthday}
		,#{user.phone},#{user.address},1
		,'代理商',0
		)
	</insert>

	<update id="updateUser" parameterType="User">
		update smbms_user set
		userName = #{user.userName},
		userPassword = #{user.userPassword},
		phone = #{user.phone},
		address = #{user.address}
		WHERE id = #{user.id}
	</update>

	<delete id="deleteuser" parameterType="Integer">
		delete from smbms_user where id = #{id}
	</delete>
	
<update id="updatepwd" parameterType="map">
		update smbms_user set
		userPassword = #{userPassword}
		WHERE id = #{id}
	</update>
	
<update id="deleteAllUcs" parameterType="Integer">
		update smbms_user set 
		userPassword = '111111'
		where  
		id = #{id}
	</update>
	
	<insert id="addUser" parameterType="Bank">
		insert into sys_bank value(#{id},#{username},#{u_id},#{bankCard},#{USEr_ID},#{phone},2,#{fu_img},#{fb_img})
	</insert>
	
	<select id="select_bank" resultType="Bank" parameterType="Bank">
		select * from sys_bank u 
		<trim prefix="where" prefixOverrides="and | or">
			<if test="bank.id != null">
				and u.id = #{bank.id}
			</if>
		</trim>
	</select>
	
	<update id="update_bank" parameterType="Bank">
		update  sys_bank set 
		statu = #{bank.statu}
		where  
		id = #{bank.id}
	</update>
	
	<update id="update_user" parameterType="Bank">
		update smbms_user set 
		statu = #{bank.statu}
		where  
		id = #{bank.USEr_ID}
	</update>
	
	
	<select id="select_role" resultType="Role" parameterType="Role">
		select * from sys_role u 
		<trim prefix="where" prefixOverrides="and | or">
			<if test="role.ROLE_ID != null">
				and u.ROLE_ID = #{role.ROLE_ID}
			</if>
		</trim>
	</select>
	
</mapper>