<?xml version="1.0" encoding="UTF-8"?>
<!DOCTYPE mapper PUBLIC "-//mybatis.org//DTD Mapper 3.0//EN" 
	"http://mybatis.org/dtd/mybatis-3-mapper.dtd">
<mapper namespace="cn.hfh.dao.RoleMapper">
	
	<resultMap type="Role" id="roleResultMap">
		<id column="ROLE_ID" property="ROLE_ID"/>
		<result column="ROLE_NAME" property="ROLE_NAME"/>
		<result column="RIGHTS" property="RIGHTS"/>
	</resultMap>
	
		<!-- 列出二级角色信息 -->
	<select id="select_role_getrole" parameterType="User" resultType="Role">
		select 
			ROLE_ID,
			ROLE_NAME,
			RIGHTS,
			PARENT_ID,
			ADD_QX,
			DEL_QX,
			EDIT_QX,
			CHA_QX,
			QX_ID
		from SYS_ROLE 
		 where ROLE_ID = #{user.userRole}
	</select>
	
	
	<resultMap type="Menu" id="menuResultMap">
		<id column="MENU_ID" property="MENU_ID"/>
		<result column="MENU_NAME" property="MENU_NAME"/>
		<result column="MENU_URL" property="MENU_URL"/>
		<result column="PARENT_ID" property="PARENT_ID"/>
		<result column="MENU_ORDER" property="MENU_ORDER"/>
		<result column="MENU_ICON" property="MENU_ICON"/>
		<result column="MENU_TYPE" property="MENU_TYPE"/>
	</resultMap>
	
	<select id="listAllParentMenu" resultMap="menuResultMap">
		select * from SYS_MENU 
		where PARENT_ID = '0' order by MENU_ORDER 
	</select>
	
	<select id="listAllParentMenus" resultType="Menu">
		select * from SYS_MENU 
	</select>
	
		
<resultMap type="Menu" id="menuZtreeResultMap">
	<id column="MENU_ID" property="MENU_ID"/>
	<result column="MENU_NAME" property="MENU_NAME"/>
	<result column="MENU_URL" property="MENU_URL"/>
	<result column="PARENT_ID" property="PARENT_ID"/>
	<result column="MENU_ORDER" property="MENU_ORDER"/>
	<result column="MENU_ICON" property="MENU_ICON"/>
	<result column="MENU_TYPE" property="MENU_TYPE"/>
	<result column="target" property="target"></result>
</resultMap>
	<select id="listSubMenuByParentId" parameterType="String" resultMap="menuResultMap">
		select  * from SYS_MENU
		where PARENT_ID = #{parentId} order by MENU_ORDER 
	</select>
	
	<select id="getRoleById" parameterType="String" resultMap="roleResultMap">
		select * from SYS_ROLE 
		where ROLE_ID=#{roleId}
	</select>
	
	
	
	<select id="getByid" parameterType="String" resultType="String">
		SELECT rights FROM sys_role WHERE role_id =#{rOLE_ID} 
	</select>
	
	
	
	<update id="ztreeUpdate" parameterType="map">
	UPDATE sys_role SET RIGHTS=#{RIGHTS}  WHERE ROLE_ID = #{ROLE_ID}
	</update>
	
	<update id="update_name" parameterType="map">
	UPDATE sys_role SET ROLE_NAME=#{ROLE_NAME}  WHERE ROLE_ID = #{ROLE_ID}
	</update>
	
	<insert id="add_ztree" parameterType="map">
	INSERT INTO sys_role VALUE (UUID(),#{ROLE_NAME},#{RIGHTS},'0','0','0','0','0','0')
	</insert>
</mapper>