<?xml version="1.0" encoding="UTF-8"?>
<!DOCTYPE configuration PUBLIC "-//mybatis.org//DTD SQL Map Config 3.0//EN"  
	"http://mybatis.org/dtd/mybatis-3-config.dtd">
<configuration>
	<settings>  
          <!-- changes from the defaults -->  
          <setting name="lazyLoadingEnabled" value="false" />  
      </settings>  
	
	<!-- 设置别名 -->
	<typeAliases>
		<typeAlias type="cn.hfh.entity.User" alias="User"/>
		<typeAlias type="cn.hfh.entity.Bank" alias="Bank"/>
		<typeAlias type="cn.hfh.entity.Role" alias="Role"/>
		<typeAlias type="cn.hfh.entity.Menu" alias="Menu"/>
		<typeAlias type="cn.hfh.uitl.PageData" alias="pd"/>
	</typeAliases>


</configuration>